{
  "ents_f": 85.9194679632,
  "ents_p": 85.9170671734,
  "ents_per_type": {
    "CARDINAL": {
      "f": 85.2437417655,
      "p": 83.4300451322,
      "r": 87.138047138
    },
    "DATE": {
      "f": 85.5762594893,
      "p": 84.7283908439,
      "r": 86.4412687348
    },
    "EVENT": {
      "f": 49.5238095238,
      "p": 69.3333333333,
      "r": 38.5185185185
    },
    "FAC": {
      "f": 46.2427745665,
      "p": 43.4782608696,
      "r": 49.3827160494
    },
    "GPE": {
      "f": 92.0804525456,
      "p": 92.8979074192,
      "r": 91.277258567
    },
    "LANGUAGE": {
      "f": 68.2926829268,
      "p": 77.7777777778,
      "r": 60.8695652174
    },
    "LAW": {
      "f": 58.1818181818,
      "p": 64.0,
      "r": 53.3333333333
    },
    "LOC": {
      "f": 68.776371308,
      "p": 72.7678571429,
      "r": 65.2
    },
    "MONEY": {
      "f": 91.2174439733,
      "p": 91.9413919414,
      "r": 90.5048076923
    },
    "NORP": {
      "f": 90.2309058615,
      "p": 90.0709219858,
      "r": 90.3914590747
    },
    "ORDINAL": {
      "f": 81.3868613139,
      "p": 77.972027972,
      "r": 85.1145038168
    },
    "ORG": {
      "f": 83.5495445763,
      "p": 83.2508250825,
      "r": 83.8504155125
    },
    "PERCENT": {
      "f": 89.6496815287,
      "p": 91.3961038961,
      "r": 87.96875
    },
    "PERSON": {
      "f": 90.6255942194,
      "p": 88.0961182994,
      "r": 93.3046202036
    },
    "PRODUCT": {
      "f": 32.9966329966,
      "p": 52.1276595745,
      "r": 24.1379310345
    },
    "QUANTITY": {
      "f": 74.0,
      "p": 78.7234042553,
      "r": 69.8113207547
    },
    "TIME": {
      "f": 70.7407407407,
      "p": 68.7050359712,
      "r": 72.9007633588
    },
    "WORK_OF_ART": {
      "f": 45.2991452991,
      "p": 53.0,
      "r": 39.552238806
    }
  },
  "ents_r": 85.9218688873,
  "las": 90.068835253,
  "las_per_type": {
    "acl": {
      "f": 73.158195317,
      "p": 76.752546435,
      "r": 69.8854337152
    },
    "acomp": {
      "f": 89.9774266366,
      "p": 89.6536212326,
      "r": 90.3035795197
    },
    "advcl": {
      "f": 67.8814320544,
      "p": 69.2046049189,
      "r": 66.6079073281
    },
    "advmod": {
      "f": 85.4500928897,
      "p": 85.7833163784,
      "r": 85.119448183
    },
    "agent": {
      "f": 92.2807017544,
      "p": 90.3780068729,
      "r": 94.2652329749
    },
    "amod": {
      "f": 91.240446796,
      "p": 91.9976289271,
      "r": 90.4956268222
    },
    "appos": {
      "f": 69.5807314897,
      "p": 71.5924736117,
      "r": 67.6789587852
    },
    "attr": {
      "f": 91.7393109174,
      "p": 90.5737704918,
      "r": 92.9352396972
    },
    "aux": {
      "f": 98.1079998219,
      "p": 98.1298423724,
      "r": 98.0861669931
    },
    "auxpass": {
      "f": 95.8352195564,
      "p": 95.2316689159,
      "r": 96.4464692483
    },
    "case": {
      "f": 98.4071677451,
      "p": 97.8712871287,
      "r": 98.9489489489
    },
    "cc": {
      "f": 83.6592681464,
      "p": 83.9311506981,
      "r": 83.3891413537
    },
    "ccomp": {
      "f": 82.1637717122,
      "p": 80.1355275895,
      "r": 84.2973523422
    },
    "compound": {
      "f": 91.7960211394,
      "p": 91.2180368436,
      "r": 92.3813766986
    },
    "conj": {
      "f": 78.0151619573,
      "p": 77.6696606786,
      "r": 78.3637507867
    },
    "csubj": {
      "f": 71.1370262391,
      "p": 70.1149425287,
      "r": 72.1893491124
    },
    "csubjpass": {
      "f": 46.1538461538,
      "p": 42.8571428571,
      "r": 50.0
    },
    "dative": {
      "f": 73.6842105263,
      "p": 75.1789976134,
      "r": 72.247706422
    },
    "dep": {
      "f": 25.140291807,
      "p": 40.7272727273,
      "r": 18.1818181818
    },
    "det": {
      "f": 97.8822282465,
      "p": 97.8682644493,
      "r": 97.8961960289
    },
    "dobj": {
      "f": 93.7425742574,
      "p": 93.1963146704,
      "r": 94.2952752769
    },
    "expl": {
      "f": 99.0415335463,
      "p": 98.5169491525,
      "r": 99.5717344754
    },
    "intj": {
      "f": 63.4945397816,
      "p": 67.8899082569,
      "r": 59.6336996337
    },
    "mark": {
      "f": 90.9906344809,
      "p": 90.5962700289,
      "r": 91.3884472708
    },
    "meta": {
      "f": 45.0704225352,
      "p": 84.2105263158,
      "r": 30.7692307692
    },
    "neg": {
      "f": 94.8422633951,
      "p": 94.6526736632,
      "r": 95.0326141495
    },
    "nmod": {
      "f": 66.781174854,
      "p": 76.5354330709,
      "r": 59.2321755027
    },
    "npadvmod": {
      "f": 75.0137892995,
      "p": 77.743902439,
      "r": 72.4689165187
    },
    "nsubj": {
      "f": 95.352310666,
      "p": 95.6253579453,
      "r": 95.0808182575
    },
    "nsubjpass": {
      "f": 92.3632610939,
      "p": 92.9387331256,
      "r": 91.7948717949
    },
    "nummod": {
      "f": 91.2801963571,
      "p": 93.4408886538,
      "r": 89.2171717172
    },
    "oprd": {
      "f": 80.5111821086,
      "p": 86.5979381443,
      "r": 75.223880597
    },
    "parataxis": {
      "f": 52.4934383202,
      "p": 66.4451827243,
      "r": 43.3839479393
    },
    "pcomp": {
      "f": 88.295254833,
      "p": 88.6379675371,
      "r": 87.9551820728
    },
    "pobj": {
      "f": 96.5240379908,
      "p": 96.2808141579,
      "r": 96.7684937961
    },
    "poss": {
      "f": 97.4400160626,
      "p": 97.1960745043,
      "r": 97.6851851852
    },
    "preconj": {
      "f": 41.6666666667,
      "p": 30.8988764045,
      "r": 63.9534883721
    },
    "predet": {
      "f": 86.1344537815,
      "p": 84.3621399177,
      "r": 87.982832618
    },
    "prep": {
      "f": 86.4841356881,
      "p": 86.2037769988,
      "r": 86.7663239367
    },
    "prt": {
      "f": 85.2928416486,
      "p": 82.6745164003,
      "r": 88.082437276
    },
    "quantmod": {
      "f": 81.2903225806,
      "p": 86.3802559415,
      "r": 76.7668562145
    },
    "relcl": {
      "f": 78.5560344828,
      "p": 77.8291814947,
      "r": 79.2965917331
    },
    "root": {
      "f": 90.3557260844,
      "p": 89.1155153614,
      "r": 91.6309437446
    },
    "xcomp": {
      "f": 90.0933237617,
      "p": 90.0933237617,
      "r": 90.0933237617
    }
  },
  "tags_acc": 97.188643273,
  "token_acc": 99.7576498212,
  "uas": 91.8871763916
}